p_number,Heard_Before,TypeOfInfo,AmtOfInfo,Perceived_Ability,technical_difficulties,tried_before,fail_ac
1,1,1,1,5,0,1,1
2,1,1,1,1,0,2,0
3,1,1,1,5,0,1,0
4,1,2,2,2,0,2,0
5,1,1,2,2,0,2,0
6,1,3,1,1,0,2,0
7,1,1,2,4,0,2,0
8,1,2,2,4,0,2,1
9,1,2,1,2,0,2,0
10,1,2,1,2,0,1,0
11,1,1,2,5,0,2,0
12,1,3,1,1,0,2,0
13,1,3,1,1,0,2,0
14,1,2,2,2,0,2,0
15,1,1,1,1,0,2,1
16,1,2,2,2,0,2,0
17,1,1,2,2,0,2,0
18,1,3,2,5,0,2,1
19,1,3,1,2,0,2,0
20,1,2,2,1,0,2,0
21,1,3,2,3,0,2,0
22,1,2,1,6,0,2,0
23,1,3,2,2,0,2,0
24,1,3,1,5,0,2,0
25,1,3,2,3,0,1,0
26,1,3,2,5,0,1,0
27,1,2,1,7,0,2,0
28,1,1,1,3,0,1,0
29,1,1,1,5,0,1,0
30,1,2,1,3,0,2,0
31,1,1,1,7,1,1,0
32,1,1,1,1,0,2,0
33,1,1,2,1,0,2,0
34,1,2,2,2,0,2,0
35,1,3,2,3,0,2,0
36,1,1,2,4,0,2,0
37,1,2,2,3,0,2,0
38,1,2,1,3,0,2,0
39,1,2,1,7,0,1,0
40,1,3,1,2,0,2,0
41,1,1,1,6,0,1,0
42,1,3,1,1,0,2,0
43,1,1,2,4,0,2,0
44,1,3,2,1,0,2,0
45,1,1,1,1,0,2,0
46,1,1,2,2,0,2,0
47,1,2,2,3,0,2,0
48,1,3,2,1,0,2,0
49,1,2,1,2,0,2,0
50,1,2,2,1,0,2,0
51,1,2,2,2,0,2,0
52,1,1,1,5,0,2,0
53,1,2,2,2,0,2,0
54,1,3,1,5,0,1,0
55,1,2,1,3,0,2,0
56,1,3,2,1,0,2,0
57,1,3,1,2,0,2,0
58,1,1,2,4,0,2,0
59,1,2,1,5,0,2,0
60,1,1,2,5,0,2,0
61,1,1,1,3,0,2,0
62,1,3,2,2,0,2,0
63,1,2,2,2,0,2,0
64,1,3,1,1,0,2,0
65,1,2,1,1,0,2,0
66,1,1,2,6,0,2,0
67,1,3,1,5,0,2,0
68,1,2,1,6,0,2,0
69,1,3,1,1,0,2,0
70,1,1,2,3,0,2,0
71,1,3,2,2,0,2,0
72,1,3,1,3,0,2,0
73,1,1,1,3,0,2,0
74,1,2,2,2,0,2,0
75,1,3,2,1,0,2,0
76,1,3,1,1,0,2,1
77,1,3,1,1,0,2,0
78,1,2,2,2,0,1,0
79,1,2,2,7,0,1,1
80,1,3,2,2,0,1,0
81,1,1,1,5,0,2,0
82,1,3,2,1,0,2,0
83,1,1,1,2,0,2,0
84,1,3,2,1,0,2,0
85,1,2,1,5,0,2,0
86,1,3,1,2,0,1,0
87,1,1,1,5,0,2,0
88,1,1,2,3,0,2,1
89,1,2,2,3,0,1,1
90,1,2,1,4,0,2,0
91,1,2,2,6,1,1,1
92,1,1,2,4,0,2,0
93,1,2,2,4,0,2,0
94,1,3,2,3,0,2,0
95,1,2,1,3,0,2,0
96,2,3,1,6,0,2,0
97,1,1,2,5,0,2,0
98,1,3,1,2,1,2,1
99,1,1,1,1,0,2,0
100,1,3,2,1,0,2,0
101,1,1,2,4,0,2,0
102,1,3,2,3,0,2,0
103,1,3,1,1,0,2,0
104,1,1,1,2,0,2,0
105,1,2,1,5,0,1,0
106,1,3,2,3,0,1,0
107,1,2,1,3,0,2,0
108,1,1,2,3,0,2,0
109,1,3,1,2,0,2,0
110,1,3,1,6,0,2,1
111,1,1,1,2,1,2,0
112,1,1,1,5,0,2,0
113,1,1,1,3,0,2,0
114,1,2,1,3,0,1,0
115,1,2,2,1,0,2,0
116,1,3,2,1,0,1,0
117,1,1,1,2,0,1,0
118,1,2,2,2,0,2,0
119,1,3,1,1,0,2,0
120,1,1,2,5,0,2,0
121,1,2,1,1,0,2,0
122,1,1,2,5,0,2,1
123,1,2,1,3,0,2,0
124,1,2,2,3,0,2,0
125,1,2,2,3,0,1,0
126,1,1,1,2,1,2,0
127,1,3,1,2,0,2,0
128,1,2,1,3,0,2,0
129,1,3,2,3,0,2,0
130,1,1,2,5,0,2,0
131,1,1,2,7,0,2,0
132,1,3,2,7,0,2,0
133,1,2,1,3,0,2,0
134,1,2,2,1,0,2,1
135,1,2,2,5,0,2,0
136,1,2,1,3,0,2,0
137,1,1,1,3,0,2,0
138,1,1,2,2,0,2,1
139,1,1,1,1,0,2,1
140,1,2,2,3,0,2,0
141,1,2,1,3,0,1,1
142,1,3,2,2,0,2,0
143,1,3,1,5,0,2,0
144,1,2,2,2,1,2,0
145,1,1,2,2,0,2,0
146,1,1,1,1,0,2,0
147,1,3,2,2,0,2,0
148,1,1,1,5,0,2,0
149,1,3,2,1,0,2,0
150,1,2,1,2,0,2,0
151,1,2,1,5,0,2,1
152,1,3,1,3,0,2,0
153,1,2,2,5,0,1,0
154,1,1,2,4,0,1,0
155,1,2,2,3,0,2,0
156,1,3,1,2,0,2,0
157,1,1,1,2,0,2,1
158,1,1,2,3,0,2,0
159,1,2,1,2,0,2,0
160,1,3,1,2,0,2,0
161,1,1,1,5,0,2,0
162,1,3,2,1,0,2,0
163,1,2,2,2,0,2,0
164,2,1,2,3,0,2,1
165,1,2,2,3,0,2,0
166,1,2,1,2,0,2,0
167,1,3,2,2,0,2,0
168,1,1,2,6,0,2,0
169,1,3,2,3,0,2,0
170,1,3,1,2,0,1,0
171,1,3,1,1,0,2,1
172,1,3,1,2,0,2,0
173,1,1,1,3,0,2,0
174,1,1,1,1,0,2,0
175,2,3,2,5,0,2,1
176,1,2,1,5,0,2,0
177,1,2,2,3,0,2,0
178,1,3,2,5,0,1,0
179,1,2,1,4,0,2,0
180,1,1,2,6,0,2,0
181,1,1,2,5,0,2,0
182,1,3,2,3,0,1,0
183,1,1,2,1,0,2,0
184,1,1,1,5,1,2,0
185,1,1,1,2,0,2,0
186,1,2,2,4,0,1,0
187,1,3,1,1,0,2,0
188,1,3,1,5,1,1,0
189,1,3,1,4,0,1,0
190,2,1,2,1,0,2,0
191,1,3,2,1,0,2,0
192,1,1,2,3,0,2,0
193,1,2,1,2,0,2,0
194,1,2,1,1,0,2,0
195,1,3,1,6,0,1,0
196,1,3,2,2,0,2,0
197,1,2,2,1,0,2,0
198,1,2,2,2,0,2,0
199,1,3,1,2,0,2,0
200,1,1,1,6,0,1,0
201,1,1,1,4,0,2,1
202,1,1,1,3,0,2,0
203,2,2,2,1,0,2,0
204,1,1,2,1,0,2,0
205,1,3,1,3,0,1,0
206,1,3,2,3,0,2,0
207,1,2,1,4,0,2,0
208,2,3,2,3,0,2,1
209,1,1,2,2,0,2,0
210,1,2,1,3,0,1,1
211,1,3,2,2,0,2,0
212,1,2,1,3,0,2,0
213,1,3,2,2,0,2,0
214,1,1,2,2,0,2,0
215,1,1,1,2,0,2,0
216,1,1,2,3,0,2,0
217,1,1,1,2,0,2,0
218,1,3,2,1,0,2,0
219,1,2,1,3,0,2,0
220,1,2,2,1,0,2,0
221,1,2,2,2,0,2,0
222,1,3,1,1,0,2,0
223,1,2,2,2,0,2,0
224,1,1,1,3,0,2,0
225,1,2,1,3,0,2,0
226,1,1,2,4,0,2,0
227,1,2,2,4,0,2,0
228,1,2,1,1,0,2,0
229,1,3,1,1,0,2,0
230,1,1,1,4,0,2,0
231,1,3,1,2,0,1,0
232,1,2,1,1,0,2,0
233,1,3,2,1,0,2,0
234,1,1,1,2,0,2,0
235,1,1,2,2,0,2,0
236,1,3,2,3,0,2,0
237,2,1,2,2,0,2,0
238,1,1,2,7,0,1,1
239,1,3,1,1,0,1,0
240,2,2,2,1,0,2,0
241,1,3,1,2,0,2,0
242,1,3,1,6,0,2,0
243,1,3,2,1,0,2,0
244,1,2,2,2,0,2,0
245,1,1,1,4,0,2,1
246,1,2,1,2,0,2,0
247,1,3,2,2,0,2,0
248,1,1,2,3,0,2,0
249,1,1,1,5,0,1,1
250,1,1,1,3,0,2,0
251,1,1,1,1,0,2,0
252,1,2,2,2,0,2,0
253,1,3,1,4,0,2,0
254,1,3,2,5,0,2,1
255,1,2,1,2,0,2,0
256,1,2,2,4,0,2,0
257,1,2,1,2,0,2,0
258,1,3,2,2,1,2,0
259,1,2,1,3,0,2,0
260,1,1,2,5,0,2,0
261,1,1,1,4,1,1,1
262,1,3,1,1,0,2,0
263,1,2,1,7,0,1,0
264,1,1,1,2,1,2,1
265,1,2,2,2,0,2,0
266,1,2,2,3,0,2,0
267,1,3,1,3,0,2,0
268,1,1,2,5,0,2,0
269,1,2,2,5,0,2,0
270,1,3,1,1,0,2,0
271,1,3,2,2,0,2,0
272,1,2,1,1,0,2,0
273,1,1,1,3,0,2,0
274,1,3,2,3,0,2,0
275,1,1,1,2,1,2,0
276,1,1,2,6,0,1,0
277,1,1,2,7,0,1,0
278,1,1,2,6,0,2,0
279,1,2,2,2,0,2,0
280,1,2,1,6,0,1,0
281,1,3,2,5,0,1,1
282,1,3,1,3,0,2,0
283,1,3,2,5,0,2,0
284,1,2,1,2,0,1,0
285,1,2,2,5,0,1,0
286,1,2,2,6,0,2,0
287,1,1,1,4,0,2,0
288,1,1,2,7,0,2,0
289,1,2,2,4,0,2,0
290,1,3,1,2,0,2,0
291,1,3,2,1,0,2,0
292,1,3,1,2,0,2,0
293,1,1,1,5,0,2,0
294,1,1,1,5,0,2,0
295,1,2,1,3,0,2,0
296,1,2,1,4,0,2,0
297,1,3,1,2,0,2,1
298,1,3,2,1,0,2,0
299,1,1,2,7,0,2,0
300,1,2,2,4,0,2,0
301,2,3,1,4,0,2,0
302,1,1,2,2,0,2,0
303,1,3,2,4,0,1,0
304,1,3,2,5,0,2,0
305,1,2,2,5,0,2,1
306,1,1,2,1,0,2,0
307,2,2,1,6,0,2,1
308,1,2,1,4,0,2,0
309,1,2,1,5,0,2,0
310,1,2,1,1,0,1,0
311,1,3,2,1,0,2,1
312,1,1,1,2,0,2,0
313,1,2,2,5,0,2,0
314,1,1,2,2,0,2,0
315,1,1,1,5,0,2,0
316,1,2,1,3,0,2,0
317,1,3,1,3,0,1,0
318,1,1,2,5,0,1,0
319,1,3,1,1,0,2,1
320,1,1,2,2,0,2,0
321,1,2,2,3,0,2,0
322,1,3,1,4,0,2,0
323,1,3,2,1,0,2,0
324,1,1,1,3,0,2,0
325,1,2,2,4,0,2,0
326,1,3,2,1,0,2,0
327,1,1,1,5,0,2,0
328,1,3,2,1,0,2,0
329,1,2,2,4,0,2,0
330,1,2,1,5,0,2,0
331,1,1,2,2,0,2,0
332,1,3,1,1,0,2,0
333,1,2,2,2,0,2,0
334,1,2,1,3,0,2,0
335,1,1,1,3,0,2,0
336,1,3,2,1,0,2,0
337,1,1,2,3,0,2,0
338,1,2,2,6,0,2,0
339,1,2,1,1,0,2,0
340,1,1,1,2,1,1,1
341,1,3,2,1,0,2,0
342,1,3,1,5,0,1,0
343,1,2,2,2,0,2,0
344,2,3,1,1,0,2,0
345,1,1,2,2,0,2,0
346,1,1,1,2,1,2,1
347,1,2,2,2,0,2,0
348,1,1,1,2,0,2,0
349,1,3,2,2,0,2,0
350,1,3,1,2,0,2,0
351,1,3,1,6,1,1,0
352,1,1,2,1,0,2,0
353,1,3,1,3,0,2,1
354,1,1,2,2,0,1,0
355,1,2,1,1,0,2,0
356,1,2,1,7,0,2,1
357,1,3,2,3,0,2,0
358,2,1,1,5,0,2,1
359,1,1,2,4,0,2,0
360,1,1,1,6,0,2,0
361,1,3,1,2,0,2,0
362,1,1,1,5,0,2,0
363,1,3,2,3,0,2,0
364,1,2,1,2,0,2,0
365,1,2,2,2,0,2,0
366,1,2,1,1,0,2,0
367,1,1,1,1,0,2,0
368,1,3,2,2,0,1,0
369,1,1,2,5,0,2,0
370,1,3,1,2,0,2,0
371,1,2,2,1,0,2,0
372,1,1,1,3,0,2,0
373,1,1,2,5,0,2,0
374,1,1,2,5,0,2,0
375,1,2,1,4,0,2,0
376,1,2,1,7,0,2,0
377,1,3,2,4,0,2,0
378,1,3,2,1,0,2,0
379,1,3,1,1,0,2,1
380,1,2,1,2,0,2,0
381,1,1,2,2,0,2,0
382,1,2,2,1,0,2,0
383,1,3,2,3,0,2,0
384,1,2,1,1,0,2,1
385,1,3,1,5,0,1,1
386,1,1,1,2,0,1,0
387,1,2,2,2,0,2,0
388,1,3,1,7,0,2,0
389,1,2,2,4,0,1,0
390,1,2,1,2,0,2,0
391,1,1,2,3,0,2,0
392,1,1,1,1,0,2,0
393,1,1,1,3,0,2,0
394,1,3,2,5,0,2,0
395,1,2,1,5,0,1,0
396,1,2,2,2,0,2,0
397,1,3,2,2,0,2,1
398,1,1,2,3,0,2,0
399,1,3,1,2,0,2,0
400,1,1,1,1,0,2,0
401,1,1,1,3,1,2,1
402,1,2,2,6,0,2,0
403,1,3,1,2,0,2,0
404,1,3,2,3,0,2,0
405,1,2,2,3,0,1,0
406,1,1,2,4,0,2,0
407,1,2,1,4,0,2,0
408,1,2,2,4,0,2,0
409,1,2,1,3,0,2,0
410,1,1,1,6,0,1,0
411,1,3,2,4,0,2,0
412,1,1,2,2,0,1,0
413,1,3,1,2,0,2,0
414,1,1,2,4,0,2,0
415,1,1,2,3,0,2,1
416,1,1,1,3,0,2,1
417,1,2,2,3,0,1,0
418,1,3,1,1,0,2,0
419,1,3,2,2,0,2,0
420,1,2,2,2,0,2,0
421,1,3,1,4,0,2,0
422,1,1,1,3,0,2,0
423,1,2,1,5,0,2,0
424,1,2,1,5,0,2,0
425,1,3,2,1,0,2,0
426,1,1,1,1,1,2,1
427,2,1,2,1,0,2,0
428,1,1,2,6,0,2,0
429,1,1,1,3,0,2,0
430,1,2,1,1,1,2,0
431,1,2,2,3,0,2,0
432,1,3,2,2,0,2,0
433,1,2,1,2,0,2,0
434,1,3,1,2,0,2,0
435,1,3,2,6,0,2,0
436,1,2,2,3,0,2,0
437,1,1,2,1,0,2,0
438,1,3,1,2,0,2,0
439,2,1,2,4,0,2,0
440,1,3,1,1,0,2,0
441,1,1,1,1,0,2,0
442,1,2,1,3,1,1,0
443,1,3,2,2,0,2,0
444,1,3,1,1,0,2,0
445,1,2,2,4,0,2,0
446,1,1,1,5,0,2,0
447,1,2,2,3,0,2,0
448,1,2,1,2,0,2,0
449,1,3,2,2,0,1,0
450,1,1,1,2,0,2,0
451,1,1,2,5,0,2,1
452,1,1,2,4,0,2,0
453,1,3,2,1,0,2,0
454,1,3,1,2,0,2,0
455,1,2,2,2,0,2,0
456,1,1,1,4,1,1,0
457,1,2,1,4,0,2,0
458,1,3,2,4,0,2,0
459,1,2,2,4,0,2,0
460,1,3,1,3,0,2,0
461,2,1,2,1,0,2,0
462,1,1,1,3,0,1,0
463,1,1,2,4,0,2,0
464,1,1,2,3,0,2,0
465,1,2,2,3,0,2,0
466,1,3,2,2,0,2,0
467,1,3,1,3,1,1,0
468,1,2,1,2,0,2,0
469,1,3,2,2,0,2,0
470,1,2,1,1,0,2,0
471,1,3,1,6,0,1,0
472,1,1,1,4,0,2,0
473,1,2,2,4,0,2,0
474,1,3,1,3,0,2,0
475,1,2,2,2,0,2,0
476,1,1,1,3,1,2,1
477,1,2,1,4,0,2,0
478,1,1,2,5,0,2,0
479,1,3,1,2,0,2,0
480,2,2,1,1,0,1,1
481,1,1,1,3,0,2,0
482,1,2,2,3,0,1,0
483,1,3,2,2,0,2,0
484,1,1,2,6,0,2,0
485,1,1,1,5,0,2,0
486,1,3,1,2,0,2,0
487,1,3,2,1,0,2,0
488,1,2,2,2,0,2,0
489,1,2,1,3,0,2,0
490,1,1,2,7,0,2,0
491,1,3,1,3,0,1,0
492,1,2,1,2,0,1,0
493,1,3,2,2,0,2,0
494,1,1,2,2,0,2,0
495,1,2,2,2,0,2,0
496,1,1,1,3,0,2,0
497,1,3,2,2,0,2,0
498,1,2,1,1,0,2,0
499,1,1,2,6,0,2,0
500,1,3,1,4,0,1,0
501,1,1,1,4,0,2,0
502,1,3,2,2,0,2,0
503,1,2,2,1,0,2,0
504,1,1,1,1,0,2,1
505,1,3,1,1,0,2,0
506,1,1,2,4,0,2,0
507,1,3,2,2,0,2,0
508,1,2,2,5,0,1,0
509,1,2,1,1,0,2,0
510,1,1,1,2,0,2,0
511,1,2,1,4,0,2,0
512,1,1,2,5,0,2,0
513,1,2,2,2,0,2,0
514,1,2,2,5,0,2,0
515,1,3,1,2,0,2,0
516,1,2,1,2,0,2,0
517,1,3,2,4,0,2,0
518,1,3,1,2,1,2,0
519,1,1,2,3,0,2,0
520,1,1,1,3,0,2,0
521,1,2,2,3,0,2,0
522,1,1,2,5,1,2,0
523,1,3,2,1,0,2,0
524,1,3,1,3,0,2,0
525,1,3,2,5,0,1,0
526,1,1,1,2,0,2,1
527,1,2,1,3,0,2,0
528,1,2,1,2,0,2,0
529,1,1,2,6,0,2,0
530,1,3,1,2,0,1,0
531,1,3,2,6,0,1,0
532,1,1,2,6,0,1,0
533,1,3,1,6,0,1,0
534,1,2,2,2,0,2,0
535,1,2,1,1,0,2,0
536,1,1,1,2,0,1,0
537,1,2,1,4,0,2,0
538,1,2,2,4,0,2,0
539,1,1,1,1,0,2,0
540,1,3,2,1,0,2,0
541,1,3,1,6,0,2,0
542,1,3,1,1,0,2,0
543,2,1,2,5,0,2,0
544,1,1,2,5,0,2,0
545,1,1,1,5,0,2,1
546,1,1,1,3,0,2,1
547,1,2,2,3,0,2,0
548,1,3,2,1,0,2,0
549,1,2,1,1,0,2,0
550,1,1,2,7,0,2,0
551,1,2,1,3,0,1,0
552,1,3,1,1,0,2,0
553,1,2,2,5,0,1,0
554,1,3,2,4,0,2,0
555,1,3,2,2,0,2,0
556,1,1,2,3,0,2,0
557,1,3,2,2,0,2,0
558,1,2,2,5,0,1,0
559,1,1,1,2,0,2,0
560,1,2,1,2,0,2,0
561,1,3,2,1,0,2,0
562,1,3,1,4,0,2,0
563,1,1,1,4,0,2,0
564,1,2,1,2,0,2,0
565,1,2,2,4,0,2,1
566,1,3,1,1,0,2,0
567,1,2,2,3,0,2,0
568,1,1,2,5,0,2,0
569,1,3,2,2,0,2,1
570,2,2,1,2,0,2,0
571,1,1,2,4,0,2,0
572,1,2,2,1,0,2,0
573,1,1,1,5,0,2,1
574,1,3,1,3,0,1,1
575,1,1,1,5,0,2,0
576,1,3,1,2,0,2,0
577,1,1,2,5,0,2,0
578,1,2,1,3,0,2,0
579,1,1,1,5,0,2,0
580,1,2,2,3,0,2,0
581,1,2,1,1,0,1,0
582,1,2,1,5,0,2,0
583,1,3,1,1,0,2,0
584,1,1,2,4,0,2,0
585,1,3,2,4,0,2,0
586,1,2,2,4,0,2,0
587,1,1,1,2,0,2,0
588,1,3,2,1,0,2,0
589,1,3,1,2,0,1,1
590,1,1,2,5,0,2,0
591,1,3,1,1,0,2,1
592,1,1,1,2,1,2,0
593,1,3,2,4,0,2,0
594,1,2,1,3,0,2,0
595,1,3,2,1,0,2,1
596,1,2,2,1,0,2,0
597,1,1,2,5,0,2,0
598,1,1,2,4,0,2,0
599,1,2,2,1,0,2,0
600,1,1,1,4,1,2,0
601,1,2,1,5,0,2,0
602,1,1,1,4,0,2,0
603,1,3,1,1,0,2,0
604,1,3,1,2,0,2,0
605,1,2,2,3,0,1,0
606,1,1,2,6,0,2,0
607,1,3,2,2,0,2,0
608,1,2,1,3,0,2,0
609,1,2,2,4,0,1,0
610,1,3,2,2,0,2,0
611,1,1,2,3,0,2,0
612,1,2,1,6,0,2,0
613,1,1,1,5,0,2,0
614,1,2,1,2,0,2,0
615,1,3,1,3,0,1,0
616,1,3,2,1,0,2,1
617,1,3,2,2,0,2,0
618,1,3,1,2,0,2,0
619,1,1,2,4,0,2,0
620,1,2,2,5,0,1,1
621,1,3,1,3,0,1,0
622,1,1,2,1,0,1,0
623,1,1,1,4,0,2,0
624,1,2,1,4,0,2,0
625,1,1,1,7,0,2,0
626,1,1,2,3,0,2,0
627,1,2,2,1,0,2,0
628,1,1,1,4,1,2,0
629,1,3,1,1,0,2,0
630,1,3,2,5,0,2,0
631,1,2,1,2,0,2,0
632,1,2,2,3,0,2,0
633,1,2,1,1,0,2,0
634,1,1,2,3,0,2,0
635,1,3,1,2,0,2,0
636,1,1,2,5,0,2,0
637,1,1,1,3,0,2,0
638,1,3,2,1,0,2,0
639,1,2,2,1,0,2,0
640,1,3,1,5,0,2,0
641,1,1,1,1,0,2,0
642,1,3,2,3,0,2,0
643,1,2,2,4,0,2,0
644,2,2,1,5,0,2,1
645,1,1,1,3,0,2,0
646,1,3,1,2,0,2,0
647,1,2,2,3,0,2,0
648,1,2,1,4,0,2,0
649,1,3,2,4,0,2,0
650,1,3,2,5,0,1,1
651,1,1,2,2,0,2,0
652,1,1,1,3,0,2,0
653,1,1,2,1,0,2,0
654,2,2,1,1,0,2,0
655,1,2,2,5,0,2,0
656,1,3,1,3,0,2,0
657,1,3,1,2,0,2,0
658,1,2,2,2,0,2,0
659,1,1,1,3,0,1,0
660,1,2,1,5,0,2,0
661,1,1,2,4,0,2,0
662,1,2,2,5,0,2,0
663,1,3,2,3,0,2,0
664,1,2,1,3,0,1,0
665,1,1,2,5,0,1,0
666,1,3,1,4,0,2,0
667,1,1,1,1,0,2,1
668,1,1,1,7,0,1,1
669,1,3,2,7,0,2,0
670,1,2,2,5,0,2,0
671,1,3,2,2,0,2,0
672,1,1,2,5,0,2,0
673,1,2,1,2,0,2,0
674,1,3,1,2,0,2,0
675,1,3,1,1,0,2,0
676,1,3,2,2,0,2,0
677,1,3,1,6,0,2,0
678,1,1,1,3,0,2,0
679,1,3,1,1,0,2,0
680,1,2,2,6,0,1,0
681,2,1,2,5,0,2,0
682,1,2,2,2,0,2,0
683,1,1,2,2,0,2,0
684,1,2,1,2,0,2,0
685,1,1,2,1,0,2,0
686,1,2,2,5,0,2,0
687,1,2,1,4,0,2,0
688,1,1,1,1,1,2,0
689,1,3,2,4,0,2,0
690,1,1,2,5,0,2,0
691,1,3,1,1,0,2,0
692,1,2,2,1,1,2,1
693,1,2,1,5,0,2,1
694,1,3,2,3,0,2,1
695,1,1,1,3,0,2,0
696,1,3,2,1,0,2,0
697,1,1,2,4,0,2,0
698,1,2,2,6,0,1,0
699,1,3,1,4,0,1,0
700,1,2,1,4,1,2,1
701,1,3,1,6,0,1,0
702,1,1,1,5,0,2,0
703,1,1,1,5,1,2,0
704,1,2,2,5,0,2,0
705,1,2,1,3,0,2,0
706,1,3,2,2,0,2,0
707,1,1,1,5,0,1,0
708,1,1,2,4,0,2,0
709,1,2,1,5,0,2,0
710,1,3,2,2,0,2,0
711,2,3,1,2,0,2,0
712,1,1,1,3,0,2,0
713,1,1,2,3,0,2,0
714,1,3,2,5,1,2,0
715,1,1,2,6,0,1,0
716,1,2,2,3,0,2,0
717,1,1,2,2,0,2,0
718,1,3,1,1,1,2,0
719,1,2,1,2,0,2,0
720,1,2,1,5,1,1,1
721,1,2,2,3,1,2,0
722,1,2,2,2,0,2,0
723,1,3,2,6,0,1,0
724,1,1,2,5,0,1,0
725,1,1,1,4,0,2,1
726,1,2,2,4,0,2,0
727,1,3,1,2,0,2,0
728,2,1,1,2,0,2,1
729,1,2,1,5,0,2,0
730,1,1,2,5,0,2,0
731,1,3,1,6,0,2,0
732,1,3,2,1,0,2,0
733,1,2,1,1,0,1,0
734,1,3,1,1,0,2,0
735,1,2,2,1,0,1,0
736,1,1,1,4,0,2,0
737,1,3,2,2,0,2,0
738,1,3,2,2,0,2,0
739,1,2,2,3,0,2,0
740,1,1,2,5,0,1,0
741,1,2,1,2,0,2,0
742,1,1,1,4,0,2,0
743,1,3,1,3,0,2,0
744,1,3,2,2,0,2,0
745,1,2,1,4,0,2,0
746,1,2,2,7,0,2,0
747,1,1,2,6,0,2,0
748,1,3,2,5,0,1,0
749,1,1,1,4,0,2,0
750,1,3,1,4,0,1,0
751,1,1,2,2,0,2,0
752,1,2,1,1,0,2,0
753,1,2,2,5,0,1,0
754,1,1,2,2,0,2,0
755,1,2,1,4,1,2,0
756,1,3,1,2,0,2,0
757,1,2,2,2,0,2,0
758,1,3,2,5,0,1,0
759,1,3,1,2,0,1,0
760,1,1,1,5,0,1,0
761,1,1,2,5,0,2,0
762,1,2,1,1,1,2,0
763,1,3,1,4,0,2,1
764,1,3,2,3,0,2,0
765,1,2,2,5,0,1,0
766,1,2,2,2,0,1,0
767,1,3,2,2,0,2,0
768,1,2,1,5,0,1,0
769,1,3,1,5,0,2,0
770,1,1,1,2,0,2,1
771,1,1,2,4,0,2,0
772,1,3,2,5,0,2,0
773,1,3,1,3,0,2,0
774,1,2,1,2,0,2,0
775,2,1,2,3,0,2,0
776,1,3,2,1,0,2,0
777,1,1,1,4,0,1,0
778,1,3,1,1,0,2,1
779,1,1,2,5,0,2,0
780,1,1,1,4,0,2,0
781,1,2,2,2,0,2,0
782,1,2,1,3,0,2,0
783,1,3,2,1,0,2,0
784,1,2,1,1,0,2,0
785,1,1,1,5,0,1,0
786,1,1,2,2,0,2,0
787,1,2,2,3,0,2,0
788,1,2,2,5,0,2,0
789,1,3,1,1,0,2,0
790,1,1,2,4,0,2,0
791,1,1,1,2,0,2,0
792,1,2,1,1,0,2,0
793,1,1,2,6,0,2,0
794,1,3,2,3,0,2,0
795,1,3,1,1,0,2,0
796,2,3,1,4,0,2,0
797,1,1,1,2,0,2,0
798,1,2,2,4,0,1,0
799,1,2,1,4,0,2,0
800,1,3,1,4,0,1,0
801,1,3,2,1,0,2,0
802,1,1,2,7,0,2,0
803,1,3,1,3,0,2,0
804,1,1,1,4,0,1,0
805,1,2,2,4,0,2,1
806,1,3,2,1,0,2,0
807,1,2,1,2,0,2,0
808,1,3,2,3,0,2,0
809,1,2,1,2,0,2,0
810,1,3,1,2,0,1,0
811,1,1,2,3,0,2,0
812,1,1,1,1,0,2,0
813,1,2,2,7,0,2,0
814,1,3,2,2,0,2,0
815,1,2,2,1,0,2,0
816,1,2,1,2,1,2,0
817,1,1,2,6,0,2,0
818,1,1,1,2,0,2,0
819,1,2,1,3,0,2,0
820,1,3,1,5,0,2,0
821,1,3,1,1,0,2,0
822,1,3,2,4,0,1,0
823,1,1,2,2,0,2,0
824,1,3,2,1,0,2,0
825,1,2,2,6,0,1,0
826,1,1,1,1,0,2,0
827,1,2,1,5,0,2,0
828,1,1,1,3,1,2,1
829,1,3,1,1,0,2,0
830,1,2,2,2,0,2,0
831,1,1,2,4,0,2,0
832,1,1,2,3,0,1,1
833,1,2,1,5,0,1,0
834,1,3,2,2,0,2,0
835,1,2,2,1,0,2,0
836,1,1,1,2,0,2,0
837,1,2,2,6,0,2,0
838,1,3,1,1,0,2,0
839,1,3,1,3,0,2,0
840,1,1,1,2,0,2,0
841,1,3,2,3,0,2,0
842,1,2,1,2,0,2,0
843,1,2,2,3,0,2,0
844,1,1,2,5,0,2,0
845,1,1,2,5,0,1,0
846,1,3,2,2,0,2,0
847,1,2,1,2,0,2,0
848,1,1,1,2,0,1,0
849,1,2,1,2,0,2,0
850,1,2,2,3,0,1,0
851,1,3,2,4,0,1,1
852,1,1,2,4,0,2,0
853,1,1,1,2,0,2,0
854,1,3,1,3,0,2,0
855,1,3,1,1,0,2,0
856,1,1,1,6,0,2,0
857,1,3,1,4,0,2,0
858,1,3,1,7,0,2,0
859,2,2,2,3,0,2,0
860,1,3,2,1,0,2,1
861,1,1,2,4,0,2,0
862,1,1,2,2,0,2,0
863,2,1,2,1,0,2,0
864,1,2,1,1,0,2,0
865,1,2,1,2,0,2,0
866,1,1,1,4,0,2,1
867,1,3,2,1,0,2,0
868,1,2,2,2,0,2,0
869,1,2,2,4,1,1,0
870,1,3,2,1,0,2,0
871,1,3,2,1,0,2,0
872,1,2,1,4,1,2,1
873,1,2,2,1,0,2,0
874,1,1,1,3,0,2,0
875,1,3,1,5,0,2,0
876,1,2,1,1,0,2,0
877,1,1,1,6,0,1,0
878,1,1,2,5,0,1,0
879,1,2,2,2,0,2,0
880,1,1,2,3,0,2,0
881,1,3,2,4,0,2,0
882,2,1,2,5,0,2,0
883,1,2,1,2,0,1,0
884,1,3,1,1,0,2,0
885,1,3,2,1,0,2,0
886,1,2,1,1,0,2,0
887,1,1,1,1,0,2,1
888,1,1,1,4,0,2,0
889,1,2,1,1,0,2,1
890,1,2,2,3,0,2,1
891,1,1,2,5,0,2,0
892,1,1,1,1,0,2,0
893,1,3,2,2,0,2,0
894,1,3,2,1,0,2,0
895,1,2,2,1,0,2,0
896,1,3,1,2,0,2,0
897,1,3,1,1,0,2,0
898,1,1,1,6,0,1,0
899,1,2,2,2,0,2,0
900,1,2,1,3,0,1,0
901,1,1,1,1,0,2,1
902,1,1,2,4,0,2,0
903,1,2,2,5,0,2,0
904,1,1,2,5,1,2,0
905,1,2,1,1,0,2,0
906,1,3,2,6,0,2,0
907,1,3,1,3,1,2,0
908,1,2,2,3,0,2,1
909,1,3,1,2,0,2,0
910,1,2,1,1,0,2,0
911,1,1,1,6,0,2,0
912,2,1,2,3,0,2,1
913,1,3,2,2,0,2,0
914,1,3,1,1,0,2,0
915,1,2,1,1,0,1,0
916,2,1,1,5,0,2,1
917,1,2,2,1,0,1,0
918,1,3,2,5,0,1,0
919,1,1,2,5,0,2,0
920,1,1,1,3,0,2,0
921,1,1,1,2,0,2,0
922,1,2,1,2,0,2,0
923,1,3,1,1,0,2,0
924,1,2,1,2,0,2,0
925,1,1,2,4,0,2,0
926,1,2,2,2,0,2,0
927,1,3,2,1,0,2,0
928,1,3,2,2,0,2,0
929,1,2,2,7,0,1,0
930,1,3,1,3,0,2,0
931,1,3,1,2,0,2,0
932,1,2,2,3,0,2,0
933,1,1,2,1,0,2,0
934,1,1,1,1,0,2,1
935,1,1,2,4,0,2,0
936,1,2,2,2,0,2,0
937,1,1,1,1,0,2,1
938,1,3,1,1,0,2,0
939,1,3,2,1,0,2,0
940,1,1,1,1,0,2,0
941,1,3,2,1,0,2,0
942,1,1,2,6,0,2,0
943,2,2,1,3,0,2,0
944,1,2,2,5,0,2,0
945,1,3,2,2,0,2,0
946,1,3,1,2,0,2,1
947,1,2,1,1,0,1,1
948,1,1,2,5,0,2,0
949,1,3,2,2,0,2,0
950,1,2,1,2,0,2,0
951,1,3,1,1,0,2,0
952,1,3,1,3,0,1,0
953,1,1,2,2,0,2,0
954,2,1,1,5,0,2,0
955,1,2,1,5,0,2,0
956,1,2,2,5,0,2,0
957,1,1,2,1,0,1,0
958,1,2,2,6,0,1,0
959,1,1,1,5,1,2,1
960,1,1,1,1,0,2,0
961,1,3,2,3,0,2,0
962,1,3,2,1,0,2,0
963,1,1,2,4,0,2,0
964,1,2,1,4,0,2,0
965,1,2,1,5,0,1,0
966,1,2,2,3,0,2,0
967,1,3,1,2,0,2,0
968,1,1,1,3,0,2,0
969,1,3,2,6,0,2,0
970,1,1,2,3,0,2,0
971,1,2,2,3,0,2,0
972,1,3,1,4,0,2,0
973,1,1,1,5,0,1,0
974,1,1,2,2,0,2,0
975,1,3,2,7,0,1,0
976,1,2,2,4,0,2,0
977,1,3,2,2,0,2,0
978,1,3,1,4,0,2,0
979,1,2,2,1,0,2,0
980,1,2,1,5,0,2,0
981,1,1,2,3,0,2,0
982,1,2,1,4,0,1,0
983,1,1,1,2,0,1,0
984,1,3,1,2,0,2,0
985,1,1,1,2,0,2,0
986,1,2,1,4,0,1,0
987,1,3,1,4,0,2,0
988,1,1,2,5,0,2,0
989,1,3,2,4,0,2,0
990,1,3,1,1,0,2,0
991,1,2,2,2,0,1,0
992,1,1,2,3,0,2,0
993,1,2,2,4,0,1,0
994,1,2,2,1,0,2,0
995,1,3,2,2,0,2,0
996,1,2,1,3,0,2,0
997,1,1,1,1,0,2,1
998,1,2,1,1,0,2,1
999,1,1,1,2,0,2,0
1000,1,3,1,2,0,2,0
1001,1,3,2,5,0,2,0
1002,1,1,2,3,0,2,0
1003,1,2,2,5,0,1,0
1004,1,2,2,4,0,2,0
1005,1,3,2,3,0,2,0
1006,1,3,1,1,0,2,0
1007,1,2,2,1,0,2,0
1008,1,2,1,7,0,1,0
1009,1,1,2,3,0,2,0
1010,1,1,1,4,0,2,0
1011,1,1,2,4,0,2,0
1012,1,1,1,2,0,2,0
1013,1,1,1,1,0,2,1
1014,1,3,2,4,0,2,1
1015,1,2,2,1,0,2,0
1016,1,1,1,1,0,2,1
1017,1,3,1,1,0,2,0
1018,1,3,1,2,0,2,0
1019,1,1,2,5,0,2,0
1020,1,3,2,2,0,2,0
1021,1,3,2,1,0,2,0
1022,1,2,1,4,0,2,0
1023,1,2,2,6,0,2,0
1024,1,2,1,5,0,2,1
1025,1,3,2,2,0,2,0
1026,1,1,2,5,0,1,0
1027,1,3,1,3,0,2,1
1028,1,1,2,4,0,2,0
1029,1,3,1,6,0,2,0
1030,1,2,1,3,0,1,0
1031,1,1,1,4,0,2,1
1032,1,3,1,1,0,1,0
1033,1,2,1,4,1,2,1
1034,1,1,2,5,0,2,0
1035,1,3,2,1,0,2,0
